{
  "label_smoothing": 0.34704585132465937,
  "lr": 0.23359890913289388,
  "num_decoder_layers": 0.16006792113763715,
  "dropout": 0.08700519879875344,
  "weight_decay": 0.08565509734452718,
  "nhead": 0.03470187294955063,
  "batch_size": 0.027272996441451702,
  "d_model": 0.02061980341870926,
  "dim_feedforward": 0.0033414214119036278,
  "num_encoder_layers": 0.0006909280399137494
}