class,f1_score,percentage
Negative,0.23214285714285715,23.214285714285715
Neutral,0.11764705882352941,11.76470588235294
Positive,0.6108374384236454,61.083743842364534
