class,f1_score,percentage
Negative,0.37410071942446044,37.410071942446045
Positive,0.6666666666666666,66.66666666666666
