class,f1_score,percentage
Negative,0.24,24.0
Neutral,0.05555555555555555,5.555555555555555
Positive,0.5168539325842697,51.68539325842697
