{
  "loss": 4.136103209711346,
  "perplexity": 62.55856823533575,
  "bleu_1": 0.1302967518568039,
  "bleu_2": 0.046990811824798584,
  "bleu_3": 0.02026248350739479,
  "bleu_4": 0.010411819443106651,
  "wer": 1.2168869309838473,
  "cer": 0.8331005785618605,
  "vocab_coverage": 0.007,
  "unique_words_generated": 28,
  "avg_pred_length": 20.4725,
  "avg_ref_length": 17.025,
  "std_pred_length": 13.734418216655557,
  "std_ref_length": 11.35822939546477,
  "exact_match_rate": 0.0
}